label,feature,count,mean,median,std,iqr,mad
benign,id,21060,3892.9947293447294,3519.0,2797.672231011962,4832.5,2346.0
benign,expiration_id,21060,0.07511870845204179,0.0,0.26358279172309207,0.0,0.0
benign,src_port,21060,33943.250949667614,39886.0,19957.118381154804,36087.25,13791.0
benign,dst_port,21060,7896.8250237416905,5001.0,11980.264154238344,8362.0,4558.0
benign,protocol,21060,10.22716049382716,6.0,6.207573049290351,11.0,5.0
benign,ip_version,21060,4.000474833808167,4.0,0.030813019150821696,0.0,0.0
benign,vlan_id,21060,0.0,0.0,0.0,0.0,0.0
benign,tunnel_id,21060,0.5598765432098766,1.0,0.49640185291075994,1.0,0.0
benign,bidirectional_first_seen_ms,21060,1752287024483.0906,1759326636841.0,7487022013.483474,15015365453.0,136466270.0
benign,bidirectional_last_seen_ms,21060,1752287027166.1106,1759326638693.5,7487023583.460312,15015370484.25,136469185.5
benign,bidirectional_duration_ms,21060,2683.020132953466,959.0,3404.6849292828597,4902.25,959.0
benign,bidirectional_packets,21060,3837.6206077872744,47.0,17352.237136661795,378.0,46.0
benign,bidirectional_bytes,21060,3992180.1222222224,19440.0,18111896.295963675,269751.0,19322.0
benign,src2dst_first_seen_ms,21060,1752287024483.0906,1759326636841.0,7487022013.483474,15015365453.0,136466270.0
benign,src2dst_last_seen_ms,21060,1752287027148.517,1759326638693.5,7487023568.969708,15015370484.25,136469185.5
benign,src2dst_duration_ms,21060,2665.4265432098764,936.0,3404.512881998307,4840.0,936.0
benign,src2dst_packets,21060,2749.126923076923,36.0,12270.165031203118,291.0,35.0
benign,src2dst_bytes,21060,3790628.271937322,9572.0,17661169.209878318,205376.0,9454.0
benign,dst2src_first_seen_ms,21060,594160125068.8315,0.0,828566747988.2008,1744446194077.0,0.0
benign,dst2src_last_seen_ms,21060,594160125537.1971,0.0,828566748645.6558,1744446194111.0,0.0
benign,dst2src_duration_ms,21060,468.36571699905033,0.0,1578.4865570810082,24.0,0.0
benign,dst2src_packets,21060,1088.4936847103513,0.0,5096.227640288553,10.0,0.0
benign,dst2src_bytes,21060,201551.85028490028,0.0,793400.5427966518,1471.0,0.0
benign,bidirectional_min_ps,21060,503.70294396961066,180.0,568.3863322414538,524.0,114.0
benign,bidirectional_mean_ps,21060,729.3526360178312,590.0,599.8949091412051,1274.0,472.0
benign,bidirectional_stddev_ps,21060,284.54926442041733,0.0,859.5507259892023,20.936208387740198,0.0
benign,bidirectional_max_ps,21060,1582.1489078822412,634.0,4372.341463447604,1278.0,524.0
benign,src2dst_min_ps,21060,530.2135802469136,180.0,573.7078656966502,1304.0,114.0
benign,src2dst_mean_ps,21060,636.1940550716008,292.5,607.0643931794469,1336.0,225.37251427233602
benign,src2dst_stddev_ps,21060,15.20492530811586,0.0,82.50995356604349,0.38052339486801645,0.0
benign,src2dst_max_ps,21060,676.5062678062678,583.0,630.2058809110588,1336.0,465.0
benign,dst2src_min_ps,21060,32.03846153846154,0.0,72.47796365700925,66.0,0.0
benign,dst2src_mean_ps,21060,432.0230471737399,0.0,1701.2958250200475,66.93064548971687,0.0
benign,dst2src_stddev_ps,21060,245.54658081895752,0.0,1059.641238543601,0.0,0.0
benign,dst2src_max_ps,21060,972.755175688509,0.0,4455.023195766649,94.0,0.0
benign,bidirectional_min_piat_ms,21060,47.57037037037037,0.0,208.57640801990024,1.0,0.0
benign,bidirectional_mean_piat_ms,21060,68.15797746945388,8.676883951278274,210.31536901995932,44.35927321137204,8.676883951278274
benign,bidirectional_stddev_piat_ms,21060,47.20044180924302,1.334537787603527,84.39389212981241,66.32304057494417,1.334537787603527
benign,bidirectional_max_piat_ms,21060,276.76752136752134,25.0,379.8543877924742,648.0,25.0
benign,src2dst_min_piat_ms,21060,47.76030389363723,0.0,208.74469609744705,0.0,0.0
benign,src2dst_mean_piat_ms,21060,71.6189892472149,10.230769230769232,211.44627195195403,46.66814451118815,10.230769230769232
benign,src2dst_stddev_piat_ms,21060,52.79663531907742,1.4573595669139734,105.93999569741614,77.3616066393284,1.4573595669139734
benign,src2dst_max_piat_ms,21060,285.1724596391263,25.0,415.7784280320916,649.0,25.0
benign,dst2src_min_piat_ms,21060,0.39791073124406456,0.0,10.575670236589962,0.0,0.0
benign,dst2src_mean_piat_ms,21060,6.641594394181673,0.0,30.17342985755701,0.2732249739969407,0.0
benign,dst2src_stddev_piat_ms,21060,13.6986857433047,0.0,60.25062146443529,0.7071067811865476,0.0
benign,dst2src_max_piat_ms,21060,52.620987654320984,0.0,194.68660289987122,10.0,0.0
benign,bidirectional_syn_packets,21060,0.6264482431149098,0.0,0.8392742175138724,1.0,0.0
benign,bidirectional_cwr_packets,21060,0.0,0.0,0.0,0.0,0.0
benign,bidirectional_ece_packets,21060,0.0,0.0,0.0,0.0,0.0
benign,bidirectional_urg_packets,21060,0.0,0.0,0.0,0.0,0.0
benign,bidirectional_ack_packets,21060,3657.1001424501424,0.0,17380.184514249933,17.0,0.0
benign,bidirectional_psh_packets,21060,258.52117758784425,0.0,1089.5067919230594,7.0,0.0
benign,bidirectional_rst_packets,21060,0.10693257359924027,0.0,0.5444700780750193,0.0,0.0
benign,bidirectional_fin_packets,21060,0.4402659069325736,0.0,0.8205531254389762,0.0,0.0
benign,src2dst_syn_packets,21060,0.3916429249762583,0.0,0.4883120701104634,1.0,0.0
benign,src2dst_cwr_packets,21060,0.0,0.0,0.0,0.0,0.0
benign,src2dst_ece_packets,21060,0.0,0.0,0.0,0.0,0.0
benign,src2dst_urg_packets,21060,0.0,0.0,0.0,0.0,0.0
benign,src2dst_ack_packets,21060,2570.6139126305793,0.0,12293.694756028508,9.0,0.0
benign,src2dst_psh_packets,21060,248.68727445394111,0.0,1090.2532735531368,0.0,0.0
benign,src2dst_rst_packets,21060,0.0560303893637227,0.0,0.48754107823866877,0.0,0.0
benign,src2dst_fin_packets,21060,0.22193732193732194,0.0,0.41623424611438686,0.0,0.0
benign,dst2src_syn_packets,21060,0.23480531813865146,0.0,0.4241010660629433,0.0,0.0
benign,dst2src_cwr_packets,21060,0.0,0.0,0.0,0.0,0.0
benign,dst2src_ece_packets,21060,0.0,0.0,0.0,0.0,0.0
benign,dst2src_urg_packets,21060,0.0,0.0,0.0,0.0,0.0
benign,dst2src_ack_packets,21060,1086.486229819563,0.0,5095.869357023045,9.0,0.0
benign,dst2src_psh_packets,21060,9.833903133903133,0.0,52.43842452102301,0.0,0.0
benign,dst2src_rst_packets,21060,0.05090218423551757,0.0,0.22993380881022166,0.0,0.0
benign,dst2src_fin_packets,21060,0.21832858499525165,0.0,0.41608935311023276,0.0,0.0
benign,application_is_guessed,21060,0.291358024691358,0.0,0.454388078782122,1.0,0.0
benign,application_confidence,21060,3.2495726495726496,4.0,2.7129376479324296,5.0,2.0
benign,udps.heartbeat_request_counter,21060,0.0,0.0,0.0,0.0,0.0
benign,udps.heartbeat_response_counter,21060,0.0,0.0,0.0,0.0,0.0
benign,udps.pfd_management_request_counter,21060,0.0,0.0,0.0,0.0,0.0
benign,udps.pfd_management_response_counter,21060,0.0,0.0,0.0,0.0,0.0
benign,udps.association_setup_request_counter,21060,0.0,0.0,0.0,0.0,0.0
benign,udps.association_setup_response_counter,21060,0.0,0.0,0.0,0.0,0.0
benign,udps.association_update_request_counter,21060,0.0,0.0,0.0,0.0,0.0
benign,udps.association_update_response_counter,21060,0.0,0.0,0.0,0.0,0.0
benign,udps.association_release_request_counter,21060,0.0,0.0,0.0,0.0,0.0
benign,udps.association_release_response_counter,21060,0.0,0.0,0.0,0.0,0.0
benign,udps.version_not_supported_response_counter,21060,0.0,0.0,0.0,0.0,0.0
benign,udps.node_report_request_counter,21060,0.0,0.0,0.0,0.0,0.0
benign,udps.node_report_response_counter,21060,0.0,0.0,0.0,0.0,0.0
benign,udps.session_set_deletion_request_counter,21060,0.0,0.0,0.0,0.0,0.0
benign,udps.session_set_deletion_response_counter,21060,0.0,0.0,0.0,0.0,0.0
benign,udps.session_establishment_request_counter,21060,0.0,0.0,0.0,0.0,0.0
benign,udps.session_establishment_response_counter,21060,0.0,0.0,0.0,0.0,0.0
benign,udps.session_modification_request_counter,21060,0.0,0.0,0.0,0.0,0.0
benign,udps.session_modification_response_counter,21060,0.0,0.0,0.0,0.0,0.0
benign,udps.session_deletion_request_counter,21060,0.0,0.0,0.0,0.0,0.0
benign,udps.session_deletion_response_counter,21060,0.0,0.0,0.0,0.0,0.0
benign,udps.session_report_request_counter,21060,82.88228869895536,0.0,557.2964076697422,0.0,0.0
benign,udps.session_report_response_counter,21060,0.24886039886039887,0.0,1.47548377067644,0.0,0.0
benign,label,0,,,,,
bruteForce,id,30778,7694.054616934174,7694.0,4442.516234862513,7694.0,3847.0
bruteForce,expiration_id,30778,0.00022743518097342256,0.0,0.015079239178813967,0.0,0.0
bruteForce,src_port,30778,40520.782149587365,45295.0,19248.813151259263,18039.5,9055.0
bruteForce,dst_port,30778,11931.58197413737,443.0,15365.049951590472,36118.0,443.0
bruteForce,protocol,30778,8.723308856975763,6.0,5.78852664205234,11.0,0.0
bruteForce,ip_version,30778,4.000129962960556,4.0,0.016121694412851474,0.0,0.0
bruteForce,vlan_id,30778,0.0,0.0,0.0,0.0,0.0
bruteForce,tunnel_id,30778,0.6483202287348105,1.0,0.4774946175068924,1.0,0.0
bruteForce,bidirectional_first_seen_ms,30778,1759429185410.3372,1759428161102.0,1993358.7561059128,3851449.25,1787542.0
bruteForce,bidirectional_last_seen_ms,30778,1759429185483.6028,1759428161112.5,1993362.3603890948,3851549.75,1787551.5
bruteForce,bidirectional_duration_ms,30778,73.26541685619598,0.0,513.4853339801193,0.0,0.0
bruteForce,bidirectional_packets,30778,2.7305218012866335,2.0,5.404055210443481,1.0,0.0
bruteForce,bidirectional_bytes,30778,291.3695496783417,129.0,1057.4002548722492,88.0,21.0
bruteForce,src2dst_first_seen_ms,30778,1759429185410.3372,1759428161102.0,1993358.7561059128,3851449.25,1787542.0
bruteForce,src2dst_last_seen_ms,30778,1759429185478.5142,1759428161112.5,1993361.673581737,3851549.75,1787551.5
bruteForce,src2dst_duration_ms,30778,68.17678211709662,0.0,484.49278963846405,0.0,0.0
bruteForce,src2dst_packets,30778,1.5790499707583339,1.0,3.387268899551203,0.0,0.0
bruteForce,src2dst_bytes,30778,192.19481447787382,102.0,857.3566021374552,71.0,27.0
bruteForce,dst2src_first_seen_ms,30778,1242770502485.0579,1759427416305.0,801304045276.6466,1759430739882.0,3547330.0
bruteForce,dst2src_last_seen_ms,30778,1242770502539.5913,1759427416462.0,801304045311.8083,1759430739882.0,3547174.0
bruteForce,dst2src_duration_ms,30778,54.53349795308337,0.0,406.27318594371513,0.0,0.0
bruteForce,dst2src_packets,30778,1.1514718305282994,1.0,2.4275173091279822,1.0,0.0
bruteForce,dst2src_bytes,30778,99.17473520046786,54.0,465.0632138891742,98.0,44.0
bruteForce,bidirectional_min_ps,30778,92.07882253557736,98.0,37.123910119987926,75.0,31.0
bruteForce,bidirectional_mean_ps,30778,95.59406340343685,98.0,38.33751886288007,73.0,31.0
bruteForce,bidirectional_stddev_ps,30778,3.580195096343958,2.8284271247461903,13.272379515063447,2.8284271247461903,2.8284271247461903
bruteForce,bidirectional_max_ps,30778,98.83260770680356,98.0,43.8834459237077,71.0,31.0
bruteForce,src2dst_min_ps,30778,96.00591331470531,98.0,41.180150080663296,71.0,31.0
bruteForce,src2dst_mean_ps,30778,96.8861232940205,98.0,41.035427906748154,71.0,31.0
bruteForce,src2dst_stddev_ps,30778,1.249756918362771,0.0,3.3875118410203693,0.0,0.0
bruteForce,src2dst_max_ps,30778,98.03957372148938,98.0,42.34691127011994,71.0,31.0
bruteForce,dst2src_min_ps,30778,53.68951848723114,54.0,40.79729996147537,98.0,44.0
bruteForce,dst2src_mean_ps,30778,54.51241833662047,54.0,41.26825355174941,98.0,44.0
bruteForce,dst2src_stddev_ps,30778,1.1303531512740492,0.0,2.9065253246256213,0.0,0.0
bruteForce,dst2src_max_ps,30778,55.38865423354344,54.0,42.14814903283217,98.0,44.0
bruteForce,bidirectional_min_piat_ms,30778,0.9862889076613165,0.0,21.39707057246575,0.0,0.0
bruteForce,bidirectional_mean_piat_ms,30778,4.648890976201139,0.0,32.60469005439033,0.0,0.0
bruteForce,bidirectional_stddev_piat_ms,30778,8.309933074209248,0.0,45.40599940529863,0.0,0.0
bruteForce,bidirectional_max_piat_ms,30778,27.171973487556045,0.0,144.25066345368154,0.0,0.0
bruteForce,src2dst_min_piat_ms,30778,2.1403275066606016,0.0,43.310192678324654,0.0,0.0
bruteForce,src2dst_mean_piat_ms,30778,8.045323201409243,0.0,56.087192791611656,0.0,0.0
bruteForce,src2dst_stddev_piat_ms,30778,10.749842593882777,0.0,62.68205800049114,0.0,0.0
bruteForce,src2dst_max_piat_ms,30778,29.688738709467803,0.0,178.09997387029512,0.0,0.0
bruteForce,dst2src_min_piat_ms,30778,0.4656247969328741,0.0,19.54979025164876,0.0,0.0
bruteForce,dst2src_mean_piat_ms,30778,6.499996865681934,0.0,42.64298790978439,0.0,0.0
bruteForce,dst2src_stddev_piat_ms,30778,11.740833733612307,0.0,77.59774846861728,0.0,0.0
bruteForce,dst2src_max_piat_ms,30778,31.820033790369745,0.0,233.8703428383213,0.0,0.0
bruteForce,bidirectional_syn_packets,30778,0.37062187276626163,0.0,0.48297132440082885,1.0,0.0
bruteForce,bidirectional_cwr_packets,30778,0.0,0.0,0.0,0.0,0.0
bruteForce,bidirectional_ece_packets,30778,0.0,0.0,0.0,0.0,0.0
bruteForce,bidirectional_urg_packets,30778,0.0,0.0,0.0,0.0,0.0
bruteForce,bidirectional_ack_packets,30778,0.5557866008187666,1.0,0.49687810896545603,1.0,0.0
bruteForce,bidirectional_psh_packets,30778,0.0,0.0,0.0,0.0,0.0
bruteForce,bidirectional_rst_packets,30778,0.5557866008187666,1.0,0.49687810896545603,1.0,0.0
bruteForce,bidirectional_fin_packets,30778,0.0,0.0,0.0,0.0,0.0
bruteForce,src2dst_syn_packets,30778,0.37062187276626163,0.0,0.48297132440082885,1.0,0.0
bruteForce,src2dst_cwr_packets,30778,0.0,0.0,0.0,0.0,0.0
bruteForce,src2dst_ece_packets,30778,0.0,0.0,0.0,0.0,0.0
bruteForce,src2dst_urg_packets,30778,0.0,0.0,0.0,0.0,0.0
bruteForce,src2dst_ack_packets,30778,0.18516472805250503,0.0,0.3884311413078859,0.0,0.0
bruteForce,src2dst_psh_packets,30778,0.0,0.0,0.0,0.0,0.0
bruteForce,src2dst_rst_packets,30778,0.0,0.0,0.0,0.0,0.0
bruteForce,src2dst_fin_packets,30778,0.0,0.0,0.0,0.0,0.0
bruteForce,dst2src_syn_packets,30778,0.0,0.0,0.0,0.0,0.0
bruteForce,dst2src_cwr_packets,30778,0.0,0.0,0.0,0.0,0.0
bruteForce,dst2src_ece_packets,30778,0.0,0.0,0.0,0.0,0.0
bruteForce,dst2src_urg_packets,30778,0.0,0.0,0.0,0.0,0.0
bruteForce,dst2src_ack_packets,30778,0.37062187276626163,0.0,0.48297132440082885,1.0,0.0
bruteForce,dst2src_psh_packets,30778,0.0,0.0,0.0,0.0,0.0
bruteForce,dst2src_rst_packets,30778,0.5557866008187666,1.0,0.49687810896545603,1.0,0.0
bruteForce,dst2src_fin_packets,30778,0.0,0.0,0.0,0.0,0.0
bruteForce,application_is_guessed,30778,0.3704919098057054,0.0,0.4829364912431307,1.0,0.0
bruteForce,application_confidence,30778,1.1884787835466892,1.0,1.9661971755932799,1.0,1.0
bruteForce,udps.heartbeat_request_counter,30778,0.0,0.0,0.0,0.0,0.0
bruteForce,udps.heartbeat_response_counter,30778,0.0,0.0,0.0,0.0,0.0
bruteForce,udps.pfd_management_request_counter,30778,0.0,0.0,0.0,0.0,0.0
bruteForce,udps.pfd_management_response_counter,30778,0.0,0.0,0.0,0.0,0.0
bruteForce,udps.association_setup_request_counter,30778,0.0,0.0,0.0,0.0,0.0
bruteForce,udps.association_setup_response_counter,30778,0.0,0.0,0.0,0.0,0.0
bruteForce,udps.association_update_request_counter,30778,0.0,0.0,0.0,0.0,0.0
bruteForce,udps.association_update_response_counter,30778,0.0,0.0,0.0,0.0,0.0
bruteForce,udps.association_release_request_counter,30778,0.0,0.0,0.0,0.0,0.0
bruteForce,udps.association_release_response_counter,30778,0.0,0.0,0.0,0.0,0.0
bruteForce,udps.version_not_supported_response_counter,30778,0.0,0.0,0.0,0.0,0.0
bruteForce,udps.node_report_request_counter,30778,0.0,0.0,0.0,0.0,0.0
bruteForce,udps.node_report_response_counter,30778,0.0,0.0,0.0,0.0,0.0
bruteForce,udps.session_set_deletion_request_counter,30778,0.0,0.0,0.0,0.0,0.0
bruteForce,udps.session_set_deletion_response_counter,30778,0.0,0.0,0.0,0.0,0.0
bruteForce,udps.session_establishment_request_counter,30778,0.0,0.0,0.0,0.0,0.0
bruteForce,udps.session_establishment_response_counter,30778,0.0,0.0,0.0,0.0,0.0
bruteForce,udps.session_modification_request_counter,30778,0.0,0.0,0.0,0.0,0.0
bruteForce,udps.session_modification_response_counter,30778,0.0,0.0,0.0,0.0,0.0
bruteForce,udps.session_deletion_request_counter,30778,0.0,0.0,0.0,0.0,0.0
bruteForce,udps.session_deletion_response_counter,30778,0.0,0.0,0.0,0.0,0.0
bruteForce,udps.session_report_request_counter,30778,0.37354603937877706,0.0,3.6060934505609223,0.0,0.0
bruteForce,udps.session_report_response_counter,30778,0.19562674637728247,0.0,1.659033555232043,0.0,0.0
bruteForce,label,0,,,,,
ddos_slowloris,id,28563,7140.339285089101,7140.0,4122.868567053143,7140.5,3570.0
ddos_slowloris,expiration_id,28563,3.50103280467738e-05,0.0,0.005916849019850334,0.0,0.0
ddos_slowloris,src_port,28563,40503.74386444001,45291.0,19277.381366801364,18287.0,9140.0
ddos_slowloris,dst_port,28563,14722.77845464412,443.0,19858.48636067363,46252.0,443.0
ddos_slowloris,protocol,28563,8.672303329482197,6.0,5.771879622452231,11.0,0.0
ddos_slowloris,ip_version,28563,4.0,4.0,0.0,0.0,0.0
ddos_slowloris,vlan_id,28563,0.0,0.0,0.0,0.0,0.0
ddos_slowloris,tunnel_id,28563,0.6488113993628121,1.0,0.4773417721294478,1.0,0.0
ddos_slowloris,bidirectional_first_seen_ms,28563,1759473627901.2236,1759473272563.0,1349271.8235577997,2493187.5,1243808.0
ddos_slowloris,bidirectional_last_seen_ms,28563,1759473627979.1536,1759473272563.0,1349272.1713126877,2493510.5,1243809.0
ddos_slowloris,bidirectional_duration_ms,28563,77.93036445751497,0.0,537.1814167209161,0.0,0.0
ddos_slowloris,bidirectional_packets,28563,3.40639988796695,2.0,10.84985599301494,1.0,0.0
ddos_slowloris,bidirectional_bytes,28563,454.4639218569478,129.0,2414.658676504733,88.0,21.0
ddos_slowloris,src2dst_first_seen_ms,28563,1759473627901.2236,1759473272563.0,1349271.8235577997,2493187.5,1243808.0
ddos_slowloris,src2dst_last_seen_ms,28563,1759473627971.001,1759473272563.0,1349273.857435007,2493510.5,1243809.0
ddos_slowloris,src2dst_duration_ms,28563,69.7775443755908,0.0,481.72089474001467,0.0,0.0
ddos_slowloris,src2dst_packets,28563,2.1494590904316775,1.0,8.262898694827452,0.0,0.0
ddos_slowloris,src2dst_bytes,28563,336.4499877463852,102.0,2127.0451005960012,71.0,27.0
ddos_slowloris,dst2src_first_seen_ms,28563,1244068529686.225,1759472537367.0,800749189340.4615,1759474505856.0,2183492.0
ddos_slowloris,dst2src_last_seen_ms,28563,1244068529743.1763,1759472537916.0,800749189377.1184,1759474506367.0,2182943.0
ddos_slowloris,dst2src_duration_ms,28563,56.95126562335889,0.0,388.60048284139356,0.0,0.0
ddos_slowloris,dst2src_packets,28563,1.2569407975352729,1.0,3.9982811114697476,1.0,0.0
ddos_slowloris,dst2src_bytes,28563,118.01393411056262,54.0,894.8771402372803,98.0,44.0
ddos_slowloris,bidirectional_min_ps,28563,93.11213808073381,98.0,40.27924871486786,75.0,31.0
ddos_slowloris,bidirectional_mean_ps,28563,96.71877943259915,98.0,41.97013736470503,73.0,31.0
ddos_slowloris,bidirectional_stddev_ps,28563,2.9179525987227493,2.8284271247461903,8.484539561399439,2.8284271247461903,2.8284271247461903
ddos_slowloris,bidirectional_max_ps,28563,99.3239505654168,98.0,45.28476169015169,71.0,31.0
ddos_slowloris,src2dst_min_ps,28563,96.7011168294647,98.0,42.967686529744036,71.0,31.0
ddos_slowloris,src2dst_mean_ps,28563,97.56175416702409,98.0,42.64574927764021,71.0,31.0
ddos_slowloris,src2dst_stddev_ps,28563,1.2464135196160484,0.0,3.1364673374664465,0.0,0.0
ddos_slowloris,src2dst_max_ps,28563,98.86433497881875,98.0,44.42613635576466,71.0,31.0
ddos_slowloris,dst2src_min_ps,28563,53.33721947974652,54.0,39.71607029414759,98.0,44.0
ddos_slowloris,dst2src_mean_ps,28563,54.17154463691344,54.0,40.17100767248397,98.0,44.0
ddos_slowloris,dst2src_stddev_ps,28563,1.1491604937827296,0.0,2.8849293170169052,0.0,0.0
ddos_slowloris,dst2src_max_ps,28563,55.07191121380807,54.0,41.114689388580786,98.0,44.0
ddos_slowloris,bidirectional_min_piat_ms,28563,0.3406154815670623,0.0,11.752273163819273,0.0,0.0
ddos_slowloris,bidirectional_mean_piat_ms,28563,2.8609228378403118,0.0,19.914108846080477,0.0,0.0
ddos_slowloris,bidirectional_stddev_piat_ms,28563,6.878290371224407,0.0,38.50038856218494,0.0,0.0
ddos_slowloris,bidirectional_max_piat_ms,28563,25.9218569477996,0.0,143.1440004537396,0.0,0.0
ddos_slowloris,src2dst_min_piat_ms,28563,0.5217239085530232,0.0,17.70222608203422,0.0,0.0
ddos_slowloris,src2dst_mean_piat_ms,28563,5.335080140862184,0.0,35.76009419323325,0.0,0.0
ddos_slowloris,src2dst_stddev_piat_ms,28563,9.172226029410142,0.0,53.01540665718401,0.0,0.0
ddos_slowloris,src2dst_max_piat_ms,28563,26.412596716031228,0.0,149.28089747567552,0.0,0.0
ddos_slowloris,dst2src_min_piat_ms,28563,0.11493890697755837,0.0,2.7734143278400967,0.0,0.0
ddos_slowloris,dst2src_mean_piat_ms,28563,7.509703663953274,0.0,67.4022513999657,0.0,0.0
ddos_slowloris,dst2src_stddev_piat_ms,28563,13.771200603791698,0.0,107.55013881483605,0.0,0.0
ddos_slowloris,dst2src_max_piat_ms,28563,35.66162517942793,0.0,258.7243938311321,0.0,0.0
ddos_slowloris,bidirectional_syn_packets,28563,0.37082939467142806,0.0,0.4830268674919132,1.0,0.0
ddos_slowloris,bidirectional_cwr_packets,28563,0.0,0.0,0.0,0.0,0.0
ddos_slowloris,bidirectional_ece_packets,28563,0.0,0.0,0.0,0.0,0.0
ddos_slowloris,bidirectional_urg_packets,28563,0.0,0.0,0.0,0.0,0.0
ddos_slowloris,bidirectional_ack_packets,28563,0.5559640093827679,1.0,0.49685815848570447,1.0,0.0
ddos_slowloris,bidirectional_psh_packets,28563,0.0,0.0,0.0,0.0,0.0
ddos_slowloris,bidirectional_rst_packets,28563,0.5559640093827679,1.0,0.49685815848570447,1.0,0.0
ddos_slowloris,bidirectional_fin_packets,28563,0.0,0.0,0.0,0.0,0.0
ddos_slowloris,src2dst_syn_packets,28563,0.37082939467142806,0.0,0.4830268674919132,1.0,0.0
ddos_slowloris,src2dst_cwr_packets,28563,0.0,0.0,0.0,0.0,0.0
ddos_slowloris,src2dst_ece_packets,28563,0.0,0.0,0.0,0.0,0.0
ddos_slowloris,src2dst_urg_packets,28563,0.0,0.0,0.0,0.0,0.0
ddos_slowloris,src2dst_ack_packets,28563,0.18513461471133985,0.0,0.38840673159334355,0.0,0.0
ddos_slowloris,src2dst_psh_packets,28563,0.0,0.0,0.0,0.0,0.0
ddos_slowloris,src2dst_rst_packets,28563,0.0,0.0,0.0,0.0,0.0
ddos_slowloris,src2dst_fin_packets,28563,0.0,0.0,0.0,0.0,0.0
ddos_slowloris,dst2src_syn_packets,28563,0.0,0.0,0.0,0.0,0.0
ddos_slowloris,dst2src_cwr_packets,28563,0.0,0.0,0.0,0.0,0.0
ddos_slowloris,dst2src_ece_packets,28563,0.0,0.0,0.0,0.0,0.0
ddos_slowloris,dst2src_urg_packets,28563,0.0,0.0,0.0,0.0,0.0
ddos_slowloris,dst2src_ack_packets,28563,0.37082939467142806,0.0,0.4830268674919132,1.0,0.0
ddos_slowloris,dst2src_psh_packets,28563,0.0,0.0,0.0,0.0,0.0
ddos_slowloris,dst2src_rst_packets,28563,0.5559640093827679,1.0,0.49685815848570447,1.0,0.0
ddos_slowloris,dst2src_fin_packets,28563,0.0,0.0,0.0,0.0,0.0
ddos_slowloris,application_is_guessed,28563,0.5559640093827679,1.0,0.49685815848570447,1.0,0.0
ddos_slowloris,application_confidence,28563,1.3913804572348842,1.0,1.9059179205097763,1.0,0.0
ddos_slowloris,udps.heartbeat_request_counter,28563,0.0,0.0,0.0,0.0,0.0
ddos_slowloris,udps.heartbeat_response_counter,28563,0.0,0.0,0.0,0.0,0.0
ddos_slowloris,udps.pfd_management_request_counter,28563,0.0,0.0,0.0,0.0,0.0
ddos_slowloris,udps.pfd_management_response_counter,28563,0.0,0.0,0.0,0.0,0.0
ddos_slowloris,udps.association_setup_request_counter,28563,0.0,0.0,0.0,0.0,0.0
ddos_slowloris,udps.association_setup_response_counter,28563,0.0,0.0,0.0,0.0,0.0
ddos_slowloris,udps.association_update_request_counter,28563,0.0,0.0,0.0,0.0,0.0
ddos_slowloris,udps.association_update_response_counter,28563,0.0,0.0,0.0,0.0,0.0
ddos_slowloris,udps.association_release_request_counter,28563,0.0,0.0,0.0,0.0,0.0
ddos_slowloris,udps.association_release_response_counter,28563,0.0,0.0,0.0,0.0,0.0
ddos_slowloris,udps.version_not_supported_response_counter,28563,0.0,0.0,0.0,0.0,0.0
ddos_slowloris,udps.node_report_request_counter,28563,0.0,0.0,0.0,0.0,0.0
ddos_slowloris,udps.node_report_response_counter,28563,0.0,0.0,0.0,0.0,0.0
ddos_slowloris,udps.session_set_deletion_request_counter,28563,0.0,0.0,0.0,0.0,0.0
ddos_slowloris,udps.session_set_deletion_response_counter,28563,0.0,0.0,0.0,0.0,0.0
ddos_slowloris,udps.session_establishment_request_counter,28563,0.0,0.0,0.0,0.0,0.0
ddos_slowloris,udps.session_establishment_response_counter,28563,0.0,0.0,0.0,0.0,0.0
ddos_slowloris,udps.session_modification_request_counter,28563,0.0,0.0,0.0,0.0,0.0
ddos_slowloris,udps.session_modification_response_counter,28563,0.0,0.0,0.0,0.0,0.0
ddos_slowloris,udps.session_deletion_request_counter,28563,0.0,0.0,0.0,0.0,0.0
ddos_slowloris,udps.session_deletion_response_counter,28563,0.0,0.0,0.0,0.0,0.0
ddos_slowloris,udps.session_report_request_counter,28563,0.9985645765500822,0.0,8.855286313180134,0.0,0.0
ddos_slowloris,udps.session_report_response_counter,28563,0.2494485873332633,0.0,2.189237909298051,0.0,0.0
ddos_slowloris,label,0,,,,,
ddos_tcp_ddos,id,45033,18238.85588346324,17638.0,12179.110724416114,22156.0,11018.0
ddos_tcp_ddos,expiration_id,45033,0.0029755956742833034,0.0,0.054467802458576305,0.0,0.0
ddos_tcp_ddos,src_port,45033,33987.62696244976,38297.0,13942.149375583202,9472.0,4764.0
ddos_tcp_ddos,dst_port,45033,8548.862678480225,8080.0,5414.153327321305,0.0,0.0
ddos_tcp_ddos,protocol,45033,8.073634889969577,6.0,4.470044602924475,0.0,0.0
ddos_tcp_ddos,ip_version,45033,4.0003552950058845,4.0,0.026654526392865068,0.0,0.0
ddos_tcp_ddos,vlan_id,45033,0.0,0.0,0.0,0.0,0.0
ddos_tcp_ddos,tunnel_id,45033,0.4233339995114694,0.0,0.4940873651178429,1.0,0.0
ddos_tcp_ddos,bidirectional_first_seen_ms,45033,1744637209230.3435,1744657698952.0,65661418.280828334,4288225.0,2124105.0
ddos_tcp_ddos,bidirectional_last_seen_ms,45033,1744637209636.4653,1744657699837.0,65661253.796017714,4288719.0,2124990.0
ddos_tcp_ddos,bidirectional_duration_ms,45033,406.1216663335776,8.0,1101.6008832572547,101.0,8.0
ddos_tcp_ddos,bidirectional_packets,45033,28.782626074212246,3.0,212.16929338137612,7.0,2.0
ddos_tcp_ddos,bidirectional_bytes,45033,28509.590855594786,330.0,276471.90228461917,883.0,212.0
ddos_tcp_ddos,src2dst_first_seen_ms,45033,1744637209230.3435,1744657698952.0,65661418.280828334,4288225.0,2124105.0
ddos_tcp_ddos,src2dst_last_seen_ms,45033,1744637209622.9944,1744657699837.0,65661248.37507213,4288719.0,2124990.0
ddos_tcp_ddos,src2dst_duration_ms,45033,392.65034530233385,7.0,1079.229412623344,100.0,7.0
ddos_tcp_ddos,src2dst_packets,45033,17.43605800190971,2.0,105.60297391874074,4.0,1.0
ddos_tcp_ddos,src2dst_bytes,45033,7622.9324495370065,255.0,79765.99969077056,426.0,181.0
ddos_tcp_ddos,dst2src_first_seen_ms,45033,1385196440234.6804,1744656303200.0,705618828764.2195,202266483.0,2131322.0
ddos_tcp_ddos,dst2src_last_seen_ms,45033,1385196440390.765,1744656303250.0,705618828843.7292,202266742.0,2131372.0
ddos_tcp_ddos,dst2src_duration_ms,45033,156.08436035795972,0.0,568.2741526684985,52.0,0.0
ddos_tcp_ddos,dst2src_packets,45033,11.346568072302533,1.0,131.35849212053873,2.0,1.0
ddos_tcp_ddos,dst2src_bytes,45033,20886.65840605778,110.0,258027.6200402306,272.0,110.0
ddos_tcp_ddos,bidirectional_min_ps,45033,117.55772433548731,98.0,142.45031641774628,44.0,32.0
ddos_tcp_ddos,bidirectional_mean_ps,45033,172.3270892921534,112.28571428571428,237.17030547937352,128.5,44.28571428571428
ddos_tcp_ddos,bidirectional_stddev_ps,45033,92.35974450617289,3.9036002917941333,404.6569616836533,68.09405260373332,3.9036002917941333
ddos_tcp_ddos,bidirectional_max_ps,45033,437.90717917971267,118.0,2068.816188892339,181.0,44.0
ddos_tcp_ddos,src2dst_min_ps,45033,133.2834365909444,110.0,146.4458983134856,52.0,36.0
ddos_tcp_ddos,src2dst_mean_ps,45033,140.34508628451186,110.0,157.05765874842444,55.0,36.0
ddos_tcp_ddos,src2dst_stddev_ps,45033,11.551506391519204,0.0,44.590182554312605,4.000000000000001,0.0
ddos_tcp_ddos,src2dst_max_ps,45033,162.2537472520152,118.0,207.69448879479216,148.0,44.0
ddos_tcp_ddos,dst2src_min_ps,45033,72.34696777918415,66.0,50.42020299041373,47.0,44.0
ddos_tcp_ddos,dst2src_mean_ps,45033,184.35758483369682,70.0,789.7237381221813,49.666666666666686,40.0
ddos_tcp_ddos,dst2src_stddev_ps,45033,99.2742878417807,0.0,503.7108927650947,4.618802153517007,0.0
ddos_tcp_ddos,dst2src_max_ps,45033,364.4831345901894,74.0,2069.770513517252,55.0,36.0
ddos_tcp_ddos,bidirectional_min_piat_ms,45033,6.6859414207359045,0.0,74.82721854045937,0.0,0.0
ddos_tcp_ddos,bidirectional_mean_piat_ms,45033,31.875226954291723,1.0,94.47455507553163,12.625000000000002,1.0
ddos_tcp_ddos,bidirectional_stddev_piat_ms,45033,44.138847469673365,0.6999289231860886,85.48361006766652,22.46226995271341,0.6999289231860886
ddos_tcp_ddos,bidirectional_max_piat_ms,45033,153.37794506250972,4.0,301.88049323872445,53.0,4.0
ddos_tcp_ddos,src2dst_min_piat_ms,45033,10.444407434547998,0.0,94.87263206070268,1.0,0.0
ddos_tcp_ddos,src2dst_mean_piat_ms,45033,43.64166799472562,1.0,114.84342062460247,25.25,1.0
ddos_tcp_ddos,src2dst_stddev_piat_ms,45033,49.1268992187456,0.0,93.71661045085538,28.005951748393286,0.0
ddos_tcp_ddos,src2dst_max_piat_ms,45033,153.39282304088113,4.0,312.18912740938197,53.0,4.0
ddos_tcp_ddos,dst2src_min_piat_ms,45033,22.86052450425244,0.0,137.90907590939207,0.0,0.0
ddos_tcp_ddos,dst2src_mean_piat_ms,45033,53.19281612965863,0.0,174.26940946114985,17.666666666666664,0.0
ddos_tcp_ddos,dst2src_stddev_piat_ms,45033,50.842891247327,0.0,174.62584191471657,21.92031021678297,0.0
ddos_tcp_ddos,dst2src_max_piat_ms,45033,131.214309506362,0.0,440.7620395508759,51.0,0.0
ddos_tcp_ddos,bidirectional_syn_packets,45033,0.7705682499500366,0.0,0.9560026859679807,2.0,0.0
ddos_tcp_ddos,bidirectional_cwr_packets,45033,0.0,0.0,0.0,0.0,0.0
ddos_tcp_ddos,bidirectional_ece_packets,45033,0.0,0.0,0.0,0.0,0.0
ddos_tcp_ddos,bidirectional_urg_packets,45033,0.0,0.0,0.0,0.0,0.0
ddos_tcp_ddos,bidirectional_ack_packets,45033,18.813425710034863,2.0,202.02500313027554,6.0,2.0
ddos_tcp_ddos,bidirectional_psh_packets,45033,2.5148668754024825,0.0,19.447081506440334,1.0,0.0
ddos_tcp_ddos,bidirectional_rst_packets,45033,0.061776919148180225,0.0,0.3422238301003028,0.0,0.0
ddos_tcp_ddos,bidirectional_fin_packets,45033,1.1290831168254392,1.0,1.4735066980675608,2.0,1.0
ddos_tcp_ddos,src2dst_syn_packets,45033,0.40283791885950304,0.0,0.49064975032235547,1.0,0.0
ddos_tcp_ddos,src2dst_cwr_packets,45033,0.0,0.0,0.0,0.0,0.0
ddos_tcp_ddos,src2dst_ece_packets,45033,0.0,0.0,0.0,0.0,0.0
ddos_tcp_ddos,src2dst_urg_packets,45033,0.0,0.0,0.0,0.0,0.0
ddos_tcp_ddos,src2dst_ack_packets,45033,8.924455399373793,1.0,83.46683007311317,3.0,1.0
ddos_tcp_ddos,src2dst_psh_packets,45033,0.4423422823262941,0.0,1.411750461401309,1.0,0.0
ddos_tcp_ddos,src2dst_rst_packets,45033,0.051628805542602095,0.0,0.3230933191801399,0.0,0.0
ddos_tcp_ddos,src2dst_fin_packets,45033,0.7676814780272245,0.0,1.2612250737231938,1.0,0.0
ddos_tcp_ddos,dst2src_syn_packets,45033,0.3677303310905336,0.0,0.4834751981303448,1.0,0.0
ddos_tcp_ddos,dst2src_cwr_packets,45033,0.0,0.0,0.0,0.0,0.0
ddos_tcp_ddos,dst2src_ece_packets,45033,0.0,0.0,0.0,0.0,0.0
ddos_tcp_ddos,dst2src_urg_packets,45033,0.0,0.0,0.0,0.0,0.0
ddos_tcp_ddos,dst2src_ack_packets,45033,9.88897031066107,1.0,130.85006393722253,3.0,1.0
ddos_tcp_ddos,dst2src_psh_packets,45033,2.0725245930761886,0.0,19.319418105714192,0.0,0.0
ddos_tcp_ddos,dst2src_rst_packets,45033,0.010148113605578131,0.0,0.10328066448336017,0.0,0.0
ddos_tcp_ddos,dst2src_fin_packets,45033,0.36140163879821463,0.0,0.4906513573169317,1.0,0.0
ddos_tcp_ddos,application_is_guessed,45033,0.6176137499167277,1.0,0.4859701696920557,1.0,0.0
ddos_tcp_ddos,application_confidence,45033,1.777185619434637,1.0,2.0954203214350424,0.0,0.0
ddos_tcp_ddos,udps.heartbeat_request_counter,45033,0.0,0.0,0.0,0.0,0.0
ddos_tcp_ddos,udps.heartbeat_response_counter,45033,0.0,0.0,0.0,0.0,0.0
ddos_tcp_ddos,udps.pfd_management_request_counter,45033,0.0,0.0,0.0,0.0,0.0
ddos_tcp_ddos,udps.pfd_management_response_counter,45033,0.0,0.0,0.0,0.0,0.0
ddos_tcp_ddos,udps.association_setup_request_counter,45033,0.0,0.0,0.0,0.0,0.0
ddos_tcp_ddos,udps.association_setup_response_counter,45033,0.0,0.0,0.0,0.0,0.0
ddos_tcp_ddos,udps.association_update_request_counter,45032,0.0,0.0,0.0,0.0,0.0
ddos_tcp_ddos,udps.association_update_response_counter,45032,0.0,0.0,0.0,0.0,0.0
ddos_tcp_ddos,udps.association_release_request_counter,45032,0.0,0.0,0.0,0.0,0.0
ddos_tcp_ddos,udps.association_release_response_counter,45032,0.0,0.0,0.0,0.0,0.0
ddos_tcp_ddos,udps.version_not_supported_response_counter,45032,0.0,0.0,0.0,0.0,0.0
ddos_tcp_ddos,udps.node_report_request_counter,45032,0.0,0.0,0.0,0.0,0.0
ddos_tcp_ddos,udps.node_report_response_counter,45032,0.0,0.0,0.0,0.0,0.0
ddos_tcp_ddos,udps.session_set_deletion_request_counter,45032,0.0,0.0,0.0,0.0,0.0
ddos_tcp_ddos,udps.session_set_deletion_response_counter,45032,0.0,0.0,0.0,0.0,0.0
ddos_tcp_ddos,udps.session_establishment_request_counter,45032,0.0,0.0,0.0,0.0,0.0
ddos_tcp_ddos,udps.session_establishment_response_counter,45032,0.0,0.0,0.0,0.0,0.0
ddos_tcp_ddos,udps.session_modification_request_counter,45032,0.002065198081364363,0.0,0.09171680488993861,0.0,0.0
ddos_tcp_ddos,udps.session_modification_response_counter,45032,0.0020874045123467754,0.0,0.09183728281977091,0.0,0.0
ddos_tcp_ddos,udps.session_deletion_request_counter,45032,0.0,0.0,0.0,0.0,0.0
ddos_tcp_ddos,udps.session_deletion_response_counter,45032,0.0,0.0,0.0,0.0,0.0
ddos_tcp_ddos,udps.session_report_request_counter,45032,1.9625155445016877,0.0,7.847165418977039,0.0,0.0
ddos_tcp_ddos,udps.session_report_response_counter,45032,1.4656244448392255,0.0,14.408185729360188,0.0,0.0
ddos_tcp_ddos,label,45032,0.928672943684491,1.0,0.2573703699979335,0.0,0.0
pfcp_session_deletion,id,15296,3834.4898012552303,3823.5,2226.713828552823,3823.5,1912.0
pfcp_session_deletion,expiration_id,15296,0.5481825313807531,1.0,0.49767302887512677,1.0,0.0
pfcp_session_deletion,src_port,15296,13550.731433054394,8805.0,16735.870098348405,8805.0,0.0
pfcp_session_deletion,dst_port,15296,11042.14873169456,8805.0,11303.469032206205,8805.0,0.0
pfcp_session_deletion,protocol,15296,12.789095188284518,17.0,7.054302325126593,16.0,0.0
pfcp_session_deletion,ip_version,15296,4.000130753138075,4.0,0.016170627067850864,0.0,0.0
pfcp_session_deletion,vlan_id,15296,0.0,0.0,0.0,0.0,0.0
pfcp_session_deletion,tunnel_id,15296,0.6106825313807531,1.0,0.4879975785404827,1.0,0.0
pfcp_session_deletion,bidirectional_first_seen_ms,15296,1759252037728.7825,1759258074381.0,7494229.702441563,14998009.25,2239061.0
pfcp_session_deletion,bidirectional_last_seen_ms,15296,1759252043237.2417,1759258074381.0,7494743.614725287,14993986.75,2244163.5
pfcp_session_deletion,bidirectional_duration_ms,15296,5508.458812761506,9987.0,4954.061771934684,9993.0,12.0
pfcp_session_deletion,bidirectional_packets,15296,419.8743462343096,754.0,378.56737474811996,761.0,15.0
pfcp_session_deletion,bidirectional_bytes,15296,40370.062957635986,43906.0,49422.1100227622,84420.0,42110.0
pfcp_session_deletion,src2dst_first_seen_ms,15296,1759252037728.7825,1759258074381.0,7494229.702441563,14998009.25,2239061.0
pfcp_session_deletion,src2dst_last_seen_ms,15296,1759252043237.2417,1759258074381.0,7494743.614725287,14993986.75,2244163.5
pfcp_session_deletion,src2dst_duration_ms,15296,5508.458812761506,9987.0,4954.061771934684,9993.0,12.0
pfcp_session_deletion,src2dst_packets,15296,419.58204759414224,753.0,378.29582572626435,761.0,16.0
pfcp_session_deletion,src2dst_bytes,15296,40351.648143305436,43906.0,49344.68094315291,84420.0,42110.0
pfcp_session_deletion,dst2src_first_seen_ms,15296,47960803397.728096,0.0,286487246822.28186,0.0,0.0
pfcp_session_deletion,dst2src_last_seen_ms,15296,47960803425.5861,0.0,286487246988.6878,0.0,0.0
pfcp_session_deletion,dst2src_duration_ms,15296,27.85800209205021,0.0,191.30620321319796,0.0,0.0
pfcp_session_deletion,dst2src_packets,15296,0.292298640167364,0.0,1.7550385620631517,0.0,0.0
pfcp_session_deletion,dst2src_bytes,15296,18.414814330543933,0.0,110.56742940997857,0.0,0.0
pfcp_session_deletion,bidirectional_min_ps,15296,100.5095449790795,112.0,32.83771531286377,82.0,28.0
pfcp_session_deletion,bidirectional_mean_ps,15296,107.51195535913637,112.0,47.93911452565488,82.0,28.0
pfcp_session_deletion,bidirectional_stddev_ps,15296,0.969571386906082,0.0,5.979903903999534,0.0,0.0
pfcp_session_deletion,bidirectional_max_ps,15296,107.76601725941423,112.0,49.0232162412218,82.0,28.0
pfcp_session_deletion,src2dst_min_ps,15296,105.7203190376569,112.0,40.73119089106641,82.0,28.0
pfcp_session_deletion,src2dst_mean_ps,15296,107.61402568035092,112.0,48.38343864500722,82.0,28.0
pfcp_session_deletion,src2dst_stddev_ps,15296,0.4653453617750942,0.0,3.3082877015382053,0.0,0.0
pfcp_session_deletion,src2dst_max_ps,15296,107.76601725941423,112.0,49.0232162412218,82.0,28.0
pfcp_session_deletion,dst2src_min_ps,15296,1.7175078451882846,0.0,10.259296323265966,0.0,0.0
pfcp_session_deletion,dst2src_mean_ps,15296,1.7175078451882846,0.0,10.259296323265966,0.0,0.0
pfcp_session_deletion,dst2src_stddev_ps,15296,0.0,0.0,0.0,0.0,0.0
pfcp_session_deletion,dst2src_max_ps,15296,1.7175078451882846,0.0,10.259296323265966,0.0,0.0
pfcp_session_deletion,bidirectional_min_piat_ms,15296,15.81668410041841,5.0,103.86225463645582,11.0,5.0
pfcp_session_deletion,bidirectional_mean_piat_ms,15296,18.338114746583717,13.02607561929595,103.7749585476278,13.152631578947373,0.25982863602320627
pfcp_session_deletion,bidirectional_stddev_piat_ms,15296,1.3237471479303193,0.9633953121326155,7.701685348306147,1.3004808190281867,0.9633953121326155
pfcp_session_deletion,bidirectional_max_piat_ms,15296,30.272162656903767,20.0,107.9315078229711,25.0,20.0
pfcp_session_deletion,src2dst_min_piat_ms,15296,15.81668410041841,5.0,103.86225463645582,11.0,5.0
pfcp_session_deletion,src2dst_mean_piat_ms,15296,18.344719209131174,13.026075619295954,103.7754635468315,13.153947368421044,0.27685380813413474
pfcp_session_deletion,src2dst_stddev_piat_ms,15296,1.3358816324036669,0.9633953121326155,7.854696753951094,1.3004808190281867,0.9633953121326155
pfcp_session_deletion,src2dst_max_piat_ms,15296,30.279680962343097,20.0,107.94136476487627,25.0,20.0
pfcp_session_deletion,dst2src_min_piat_ms,15296,0.007779811715481172,0.0,0.10728992147138955,0.0,0.0
pfcp_session_deletion,dst2src_mean_piat_ms,15296,2.9022507689021815,0.0,20.063995382788573,0.0,0.0
pfcp_session_deletion,dst2src_stddev_piat_ms,15296,5.702781605327194,0.0,38.42446051939333,0.0,0.0
pfcp_session_deletion,dst2src_max_piat_ms,15296,16.188807531380753,0.0,109.40051337931423,0.0,0.0
pfcp_session_deletion,bidirectional_syn_packets,15296,0.0005883891213389122,0.0,0.024249596276655874,0.0,0.0
pfcp_session_deletion,bidirectional_cwr_packets,15296,0.0,0.0,0.0,0.0,0.0
pfcp_session_deletion,bidirectional_ece_packets,15296,0.0,0.0,0.0,0.0,0.0
pfcp_session_deletion,bidirectional_urg_packets,15296,0.0,0.0,0.0,0.0,0.0
pfcp_session_deletion,bidirectional_ack_packets,15296,0.0,0.0,0.0,0.0,0.0
pfcp_session_deletion,bidirectional_psh_packets,15296,0.0,0.0,0.0,0.0,0.0
pfcp_session_deletion,bidirectional_rst_packets,15296,0.0,0.0,0.0,0.0,0.0
pfcp_session_deletion,bidirectional_fin_packets,15296,0.0,0.0,0.0,0.0,0.0
pfcp_session_deletion,src2dst_syn_packets,15296,0.0005883891213389122,0.0,0.024249596276655874,0.0,0.0
pfcp_session_deletion,src2dst_cwr_packets,15296,0.0,0.0,0.0,0.0,0.0
pfcp_session_deletion,src2dst_ece_packets,15296,0.0,0.0,0.0,0.0,0.0
pfcp_session_deletion,src2dst_urg_packets,15296,0.0,0.0,0.0,0.0,0.0
pfcp_session_deletion,src2dst_ack_packets,15296,0.0,0.0,0.0,0.0,0.0
pfcp_session_deletion,src2dst_psh_packets,15296,0.0,0.0,0.0,0.0,0.0
pfcp_session_deletion,src2dst_rst_packets,15296,0.0,0.0,0.0,0.0,0.0
pfcp_session_deletion,src2dst_fin_packets,15296,0.0,0.0,0.0,0.0,0.0
pfcp_session_deletion,dst2src_syn_packets,15296,0.0,0.0,0.0,0.0,0.0
pfcp_session_deletion,dst2src_cwr_packets,15296,0.0,0.0,0.0,0.0,0.0
pfcp_session_deletion,dst2src_ece_packets,15296,0.0,0.0,0.0,0.0,0.0
pfcp_session_deletion,dst2src_urg_packets,15296,0.0,0.0,0.0,0.0,0.0
pfcp_session_deletion,dst2src_ack_packets,15296,0.0,0.0,0.0,0.0,0.0
pfcp_session_deletion,dst2src_psh_packets,15296,0.0,0.0,0.0,0.0,0.0
pfcp_session_deletion,dst2src_rst_packets,15296,0.0,0.0,0.0,0.0,0.0
pfcp_session_deletion,dst2src_fin_packets,15296,0.0,0.0,0.0,0.0,0.0
pfcp_session_deletion,application_is_guessed,15296,0.0,0.0,0.0,0.0,0.0
pfcp_session_deletion,application_confidence,15296,1.5780596234309623,0.0,2.641606625802317,6.0,0.0
pfcp_session_deletion,udps.heartbeat_request_counter,15296,0.0,0.0,0.0,0.0,0.0
pfcp_session_deletion,udps.heartbeat_response_counter,15296,0.0,0.0,0.0,0.0,0.0
pfcp_session_deletion,udps.pfd_management_request_counter,15296,0.0,0.0,0.0,0.0,0.0
pfcp_session_deletion,udps.pfd_management_response_counter,15296,0.0,0.0,0.0,0.0,0.0
pfcp_session_deletion,udps.association_setup_request_counter,15296,0.0,0.0,0.0,0.0,0.0
pfcp_session_deletion,udps.association_setup_response_counter,15296,0.0,0.0,0.0,0.0,0.0
pfcp_session_deletion,udps.association_update_request_counter,15296,0.0,0.0,0.0,0.0,0.0
pfcp_session_deletion,udps.association_update_response_counter,15296,0.0,0.0,0.0,0.0,0.0
pfcp_session_deletion,udps.association_release_request_counter,15296,0.0,0.0,0.0,0.0,0.0
pfcp_session_deletion,udps.association_release_response_counter,15296,0.0,0.0,0.0,0.0,0.0
pfcp_session_deletion,udps.version_not_supported_response_counter,15296,0.0,0.0,0.0,0.0,0.0
pfcp_session_deletion,udps.node_report_request_counter,15296,0.0,0.0,0.0,0.0,0.0
pfcp_session_deletion,udps.node_report_response_counter,15296,0.0,0.0,0.0,0.0,0.0
pfcp_session_deletion,udps.session_set_deletion_request_counter,15296,0.0,0.0,0.0,0.0,0.0
pfcp_session_deletion,udps.session_set_deletion_response_counter,15296,0.0,0.0,0.0,0.0,0.0
pfcp_session_deletion,udps.session_establishment_request_counter,15296,0.0,0.0,0.0,0.0,0.0
pfcp_session_deletion,udps.session_establishment_response_counter,15296,0.0,0.0,0.0,0.0,0.0
pfcp_session_deletion,udps.session_modification_request_counter,15296,0.0,0.0,0.0,0.0,0.0
pfcp_session_deletion,udps.session_modification_response_counter,15296,0.0,0.0,0.0,0.0,0.0
pfcp_session_deletion,udps.session_deletion_request_counter,15296,204.71312761506277,0.0,337.1110697958774,752.0,0.0
pfcp_session_deletion,udps.session_deletion_response_counter,15296,192.97437238493723,0.0,330.7474550927616,746.0,0.0
pfcp_session_deletion,udps.session_report_request_counter,15296,20.870096757322177,0.0,125.29396210721453,0.0,0.0
pfcp_session_deletion,udps.session_report_response_counter,15296,0.292298640167364,0.0,1.7550385620631517,0.0,0.0
pfcp_session_deletion,label,0,,,,,
pfcp_session_establishment,id,7588,1957.977200843437,1896.5,1195.4084255083933,1897.0,948.5
pfcp_session_establishment,expiration_id,7588,0.46349499209277806,0.0,0.4986656037844336,1.0,0.0
pfcp_session_establishment,src_port,7588,25733.821823932525,8805.0,19912.948201497635,36642.75,0.0
pfcp_session_establishment,dst_port,7588,19679.40102793885,8805.0,12437.279971530386,24667.0,0.0
pfcp_session_establishment,protocol,7588,16.756852925672113,17.0,2.1002294741161904,0.0,0.0
pfcp_session_establishment,ip_version,7588,4.000527148128624,4.0,0.03246564910946299,0.0,0.0
pfcp_session_establishment,vlan_id,7588,0.0,0.0,0.0,0.0,0.0
pfcp_session_establishment,tunnel_id,7588,0.2415656299420137,0.0,0.42803233098999866,0.0,0.0
pfcp_session_establishment,bidirectional_first_seen_ms,7588,1759243564470.3484,1759254688711.0,14269811.531135518,29188315.0,1815455.5
pfcp_session_establishment,bidirectional_last_seen_ms,7588,1759243569246.0073,1759254688711.0,14270799.52052435,29192006.5,1824582.5
pfcp_session_establishment,bidirectional_duration_ms,7588,4775.658803373748,1427.5,4890.150403931178,9992.0,1427.5
pfcp_session_establishment,bidirectional_packets,7588,356.2281233526621,24.0,377.77203419598027,762.0,23.0
pfcp_session_establishment,bidirectional_bytes,7588,20983.65972588297,3180.0,21692.60169635726,44136.0,3106.0
pfcp_session_establishment,src2dst_first_seen_ms,7588,1759243564470.3484,1759254688711.0,14269811.531135518,29188315.0,1815455.5
pfcp_session_establishment,src2dst_last_seen_ms,7588,1759243569235.9941,1759254688711.0,14270792.317304108,29192006.5,1824582.5
pfcp_session_establishment,src2dst_duration_ms,7588,4765.645624670532,1426.5,4892.672080036983,9992.0,1426.5
pfcp_session_establishment,src2dst_packets,7588,355.9861623616236,16.0,377.9813836727185,762.0,15.0
pfcp_session_establishment,src2dst_bytes,7588,20968.137849235634,2550.0,21703.073131228637,44136.0,2476.0
pfcp_session_establishment,dst2src_first_seen_ms,7588,41963906115.13073,0.0,268446528193.998,0.0,0.0
pfcp_session_establishment,dst2src_last_seen_ms,7588,41963906124.16724,0.0,268446528251.80576,0.0,0.0
pfcp_session_establishment,dst2src_duration_ms,7588,9.036505007907222,0.0,92.83968878343158,0.0,0.0
pfcp_session_establishment,dst2src_packets,7588,0.24196099103848182,0.0,1.5525312039462689,0.0,0.0
pfcp_session_establishment,dst2src_bytes,7588,15.521876647337901,0.0,102.11038772860991,0.0,0.0
pfcp_session_establishment,bidirectional_min_ps,7588,81.11109646810753,63.0,36.512603065439066,60.0,5.0
pfcp_session_establishment,bidirectional_mean_ps,7588,84.04500906933701,74.0,40.03270559372828,60.0,16.0
pfcp_session_establishment,bidirectional_stddev_ps,7588,2.2000032479180183,0.0,14.04111468901502,0.0,0.0
pfcp_session_establishment,bidirectional_max_ps,7588,85.83328940432261,74.0,45.59659021700017,60.0,16.0
pfcp_session_establishment,src2dst_min_ps,7588,85.61821296784396,74.0,44.8502941808476,60.0,16.0
pfcp_session_establishment,src2dst_mean_ps,7588,85.73028043223505,74.0,45.16411653745429,60.0,16.0
pfcp_session_establishment,src2dst_stddev_ps,7588,0.06603817980415143,0.0,2.3641134643400394,0.0,0.0
pfcp_session_establishment,src2dst_max_ps,7588,85.79849762783343,74.0,45.513202714806994,60.0,16.0
pfcp_session_establishment,dst2src_min_ps,7588,1.5375593041644702,0.0,10.289755024319343,0.0,0.0
pfcp_session_establishment,dst2src_mean_ps,7588,1.5375593041644702,0.0,10.289755024319343,0.0,0.0
pfcp_session_establishment,dst2src_stddev_ps,7588,0.0,0.0,0.0,0.0,0.0
pfcp_session_establishment,dst2src_max_ps,7588,1.5375593041644702,0.0,10.289755024319343,0.0,0.0
pfcp_session_establishment,bidirectional_min_piat_ms,7588,5.217712177121771,0.0,5.8049514824569215,11.0,0.0
pfcp_session_establishment,bidirectional_mean_piat_ms,7588,11.598694673305033,13.037859007832889,22.58317070318904,13.128777923784487,13.037859007832889
pfcp_session_establishment,bidirectional_stddev_piat_ms,7588,13.28660457981355,0.7087529166929413,53.490287609974715,0.9062073682463805,0.7087529166929413
pfcp_session_establishment,bidirectional_max_piat_ms,7588,57.79388508170796,18.0,190.82794237057342,23.0,18.0
pfcp_session_establishment,src2dst_min_piat_ms,7588,5.229177648919347,0.0,5.795637345354508,11.0,0.0
pfcp_session_establishment,src2dst_mean_piat_ms,7588,11.611898420488028,13.037206266318538,22.76164244128276,13.128777923784487,13.037206266318538
pfcp_session_establishment,src2dst_stddev_piat_ms,7588,13.559664932859047,0.7071067811865476,54.8525995688321,0.9095717661940765,0.7071067811865476
pfcp_session_establishment,src2dst_max_piat_ms,7588,57.67830785450712,18.0,190.56350618077832,23.0,18.0
pfcp_session_establishment,dst2src_min_piat_ms,7588,0.011201897733263046,0.0,0.6009182744990103,0.0,0.0
pfcp_session_establishment,dst2src_mean_piat_ms,7588,0.9671253920331411,0.0,10.378790381232655,0.0,0.0
pfcp_session_establishment,dst2src_stddev_piat_ms,7588,1.449222763239043,0.0,15.06997703929429,0.0,0.0
pfcp_session_establishment,dst2src_max_piat_ms,7588,3.7970479704797047,0.0,38.554528838697756,0.0,0.0
pfcp_session_establishment,bidirectional_syn_packets,7588,0.0006589351607801792,0.0,0.025661273647932335,0.0,0.0
pfcp_session_establishment,bidirectional_cwr_packets,7588,0.0,0.0,0.0,0.0,0.0
pfcp_session_establishment,bidirectional_ece_packets,7588,0.0,0.0,0.0,0.0,0.0
pfcp_session_establishment,bidirectional_urg_packets,7588,0.0,0.0,0.0,0.0,0.0
pfcp_session_establishment,bidirectional_ack_packets,7588,0.0,0.0,0.0,0.0,0.0
pfcp_session_establishment,bidirectional_psh_packets,7588,0.0,0.0,0.0,0.0,0.0
pfcp_session_establishment,bidirectional_rst_packets,7588,0.0,0.0,0.0,0.0,0.0
pfcp_session_establishment,bidirectional_fin_packets,7588,0.0,0.0,0.0,0.0,0.0
pfcp_session_establishment,src2dst_syn_packets,7588,0.0006589351607801792,0.0,0.025661273647932335,0.0,0.0
pfcp_session_establishment,src2dst_cwr_packets,7588,0.0,0.0,0.0,0.0,0.0
pfcp_session_establishment,src2dst_ece_packets,7588,0.0,0.0,0.0,0.0,0.0
pfcp_session_establishment,src2dst_urg_packets,7588,0.0,0.0,0.0,0.0,0.0
pfcp_session_establishment,src2dst_ack_packets,7588,0.0,0.0,0.0,0.0,0.0
pfcp_session_establishment,src2dst_psh_packets,7588,0.0,0.0,0.0,0.0,0.0
pfcp_session_establishment,src2dst_rst_packets,7588,0.0,0.0,0.0,0.0,0.0
pfcp_session_establishment,src2dst_fin_packets,7588,0.0,0.0,0.0,0.0,0.0
pfcp_session_establishment,dst2src_syn_packets,7588,0.0,0.0,0.0,0.0,0.0
pfcp_session_establishment,dst2src_cwr_packets,7588,0.0,0.0,0.0,0.0,0.0
pfcp_session_establishment,dst2src_ece_packets,7588,0.0,0.0,0.0,0.0,0.0
pfcp_session_establishment,dst2src_urg_packets,7588,0.0,0.0,0.0,0.0,0.0
pfcp_session_establishment,dst2src_ack_packets,7588,0.0,0.0,0.0,0.0,0.0
pfcp_session_establishment,dst2src_psh_packets,7588,0.0,0.0,0.0,0.0,0.0
pfcp_session_establishment,dst2src_rst_packets,7588,0.0,0.0,0.0,0.0,0.0
pfcp_session_establishment,dst2src_fin_packets,7588,0.0,0.0,0.0,0.0,0.0
pfcp_session_establishment,application_is_guessed,7588,0.0,0.0,0.0,0.0,0.0
pfcp_session_establishment,application_confidence,7588,0.0940959409594096,0.0,0.7454673699441319,0.0,0.0
pfcp_session_establishment,udps.heartbeat_request_counter,7588,0.0,0.0,0.0,0.0,0.0
pfcp_session_establishment,udps.heartbeat_response_counter,7588,0.0,0.0,0.0,0.0,0.0
pfcp_session_establishment,udps.pfd_management_request_counter,7588,0.0,0.0,0.0,0.0,0.0
pfcp_session_establishment,udps.pfd_management_response_counter,7588,0.0,0.0,0.0,0.0,0.0
pfcp_session_establishment,udps.association_setup_request_counter,7588,0.0,0.0,0.0,0.0,0.0
pfcp_session_establishment,udps.association_setup_response_counter,7588,0.0,0.0,0.0,0.0,0.0
pfcp_session_establishment,udps.association_update_request_counter,7588,0.0,0.0,0.0,0.0,0.0
pfcp_session_establishment,udps.association_update_response_counter,7588,0.0,0.0,0.0,0.0,0.0
pfcp_session_establishment,udps.association_release_request_counter,7588,0.0,0.0,0.0,0.0,0.0
pfcp_session_establishment,udps.association_release_response_counter,7588,0.0,0.0,0.0,0.0,0.0
pfcp_session_establishment,udps.version_not_supported_response_counter,7588,0.0,0.0,0.0,0.0,0.0
pfcp_session_establishment,udps.node_report_request_counter,7588,0.0,0.0,0.0,0.0,0.0
pfcp_session_establishment,udps.node_report_response_counter,7588,0.0,0.0,0.0,0.0,0.0
pfcp_session_establishment,udps.session_set_deletion_request_counter,7588,0.0,0.0,0.0,0.0,0.0
pfcp_session_establishment,udps.session_set_deletion_response_counter,7588,0.0,0.0,0.0,0.0,0.0
pfcp_session_establishment,udps.session_establishment_request_counter,7588,353.2257511860833,0.0,379.54569649241404,762.0,0.0
pfcp_session_establishment,udps.session_establishment_response_counter,7588,0.0,0.0,0.0,0.0,0.0
pfcp_session_establishment,udps.session_modification_request_counter,7588,0.0,0.0,0.0,0.0,0.0
pfcp_session_establishment,udps.session_modification_response_counter,7588,0.0,0.0,0.0,0.0,0.0
pfcp_session_establishment,udps.session_deletion_request_counter,7588,0.0,0.0,0.0,0.0,0.0
pfcp_session_establishment,udps.session_deletion_response_counter,7588,0.0,0.0,0.0,0.0,0.0
pfcp_session_establishment,udps.session_report_request_counter,7588,1.4691618344754875,0.0,7.460383718895864,0.0,0.0
pfcp_session_establishment,udps.session_report_response_counter,7588,0.4819451765946231,0.0,2.327567550538242,0.0,0.0
pfcp_session_establishment,label,0,,,,,
pfcp_session_modification,id,27780,3540.027033837293,3472.0,2107.726703696785,3472.0,1736.0
pfcp_session_modification,expiration_id,27780,0.5428365730741541,1.0,0.49816164847091815,1.0,0.0
pfcp_session_modification,src_port,27780,13515.924442044636,8805.0,16737.067641272297,8805.0,0.0
pfcp_session_modification,dst_port,27780,11010.124730021598,8805.0,11346.626019067864,8805.0,0.0
pfcp_session_modification,protocol,27780,12.699892008639308,17.0,7.09698574127129,16.0,0.0
pfcp_session_modification,ip_version,27780,4.000071994240461,4.0,0.011999304052771841,0.0,0.0
pfcp_session_modification,vlan_id,27780,0.0,0.0,0.0,0.0,0.0
pfcp_session_modification,tunnel_id,27780,0.6232541396688265,1.0,0.48457034273106053,1.0,0.0
pfcp_session_modification,bidirectional_first_seen_ms,27780,1759262722201.3105,1759262034287.5,29610287.564434674,65148058.0,20991562.5
pfcp_session_modification,bidirectional_last_seen_ms,27780,1759262727650.0984,1759262035446.0,29610796.653426778,65148058.0,20992721.0
pfcp_session_modification,bidirectional_duration_ms,27780,5448.788192944565,9986.0,4958.712209015606,9993.0,13.0
pfcp_session_modification,bidirectional_packets,27780,375.8571994240461,682.0,343.3849265674611,695.0,26.0
pfcp_session_modification,bidirectional_bytes,27780,37907.34254859611,51675.0,40814.27199232354,73481.0,23867.0
pfcp_session_modification,src2dst_first_seen_ms,27780,1759262722201.3105,1759262034287.5,29610287.564434674,65148058.0,20991562.5
pfcp_session_modification,src2dst_last_seen_ms,27780,1759262727648.5354,1759262035446.0,29610796.727709837,65148058.0,20992721.0
pfcp_session_modification,src2dst_duration_ms,27780,5447.2249460043195,9986.0,4958.753298671056,9993.0,13.0
pfcp_session_modification,src2dst_packets,27780,375.41047516198705,682.0,343.2467524362285,695.0,26.0
pfcp_session_modification,src2dst_bytes,27780,37840.265010799136,51675.0,40682.840163105924,73481.0,23867.0
pfcp_session_modification,dst2src_first_seen_ms,27780,48952954985.63521,0.0,289352565891.3829,0.0,0.0
pfcp_session_modification,dst2src_last_seen_ms,27780,48952955031.831566,0.0,289352566164.4389,0.0,0.0
pfcp_session_modification,dst2src_duration_ms,27780,46.19636429085673,0.0,570.6289345235723,0.0,0.0
pfcp_session_modification,dst2src_packets,27780,0.44672426205903526,0.0,9.405752708526915,0.0,0.0
pfcp_session_modification,dst2src_bytes,27780,67.07753779697624,0.0,2974.784934388861,0.0,0.0
pfcp_session_modification,bidirectional_min_ps,27780,103.08484521238302,107.0,25.003653455028346,60.0,28.0
pfcp_session_modification,bidirectional_mean_ps,27780,110.15245701387367,107.0,42.48088745905011,60.0,28.0
pfcp_session_modification,bidirectional_stddev_ps,27780,1.0985286692602394,0.0,6.561978865775807,0.0,0.0
pfcp_session_modification,bidirectional_max_ps,27780,110.44553635709143,107.0,43.90024140000485,60.0,28.0
pfcp_session_modification,src2dst_min_ps,27780,108.3349532037437,107.0,34.38841590309074,60.0,28.0
pfcp_session_modification,src2dst_mean_ps,27780,110.20988449863006,107.0,42.99747288153482,60.0,28.0
pfcp_session_modification,src2dst_stddev_ps,27780,0.5038336238755884,0.0,3.1342234327219347,0.0,0.0
pfcp_session_modification,src2dst_max_ps,27780,110.36000719942405,107.0,43.73511330312404,60.0,28.0
pfcp_session_modification,dst2src_min_ps,27780,1.8065874730021598,0.0,11.117012618692252,0.0,0.0
pfcp_session_modification,dst2src_mean_ps,27780,1.8304562587504516,0.0,11.65417713854191,0.0,0.0
pfcp_session_modification,dst2src_stddev_ps,27780,0.010143708917527559,0.0,0.7208551075235088,0.0,0.0
pfcp_session_modification,dst2src_max_ps,27780,1.8385529157667386,0.0,11.84975069047723,0.0,0.0
pfcp_session_modification,bidirectional_min_piat_ms,27780,16.86601871850252,4.0,108.25903482892484,11.0,4.0
pfcp_session_modification,bidirectional_mean_piat_ms,27780,19.96810475244785,14.21992843045474,108.06911492031132,14.418470418470411,0.43696306514643624
pfcp_session_modification,bidirectional_stddev_piat_ms,27780,1.5309657817148972,1.3303669729599576,5.816253627125559,1.7346194740369296,1.3303669729599576
pfcp_session_modification,bidirectional_max_piat_ms,27780,32.32660187185025,23.0,111.4131192635422,28.0,23.0
pfcp_session_modification,src2dst_min_piat_ms,27780,16.86609071274298,4.0,108.25902427770741,11.0,4.0
pfcp_session_modification,src2dst_mean_piat_ms,27780,20.142455491310788,14.21992843045474,108.81744939253711,14.418470418470411,0.43696306514643624
pfcp_session_modification,src2dst_stddev_piat_ms,27780,1.8803113961376108,1.3303669729599576,28.369531160396505,1.7346194740369296,1.3303669729599576
pfcp_session_modification,src2dst_max_piat_ms,27780,33.29776817854572,23.0,138.60822741728558,28.0,23.0
pfcp_session_modification,dst2src_min_piat_ms,27780,0.010439164866810655,0.0,0.15564407188396703,0.0,0.0
pfcp_session_modification,dst2src_mean_piat_ms,27780,4.558724476589468,0.0,57.967020380619225,0.0,0.0
pfcp_session_modification,dst2src_stddev_piat_ms,27780,9.860033241657572,0.0,132.58774285914654,0.0,0.0
pfcp_session_modification,dst2src_max_piat_ms,27780,29.584341252699783,0.0,403.8592914169524,0.0,0.0
pfcp_session_modification,bidirectional_syn_packets,27780,0.000503959683225342,0.0,0.022443388956729,0.0,0.0
pfcp_session_modification,bidirectional_cwr_packets,27780,0.0,0.0,0.0,0.0,0.0
pfcp_session_modification,bidirectional_ece_packets,27780,0.0,0.0,0.0,0.0,0.0
pfcp_session_modification,bidirectional_urg_packets,27780,0.0,0.0,0.0,0.0,0.0
pfcp_session_modification,bidirectional_ack_packets,27780,0.0,0.0,0.0,0.0,0.0
pfcp_session_modification,bidirectional_psh_packets,27780,0.0,0.0,0.0,0.0,0.0
pfcp_session_modification,bidirectional_rst_packets,27780,0.0,0.0,0.0,0.0,0.0
pfcp_session_modification,bidirectional_fin_packets,27780,0.0,0.0,0.0,0.0,0.0
pfcp_session_modification,src2dst_syn_packets,27780,0.000503959683225342,0.0,0.022443388956729,0.0,0.0
pfcp_session_modification,src2dst_cwr_packets,27780,0.0,0.0,0.0,0.0,0.0
pfcp_session_modification,src2dst_ece_packets,27780,0.0,0.0,0.0,0.0,0.0
pfcp_session_modification,src2dst_urg_packets,27780,0.0,0.0,0.0,0.0,0.0
pfcp_session_modification,src2dst_ack_packets,27780,0.0,0.0,0.0,0.0,0.0
pfcp_session_modification,src2dst_psh_packets,27780,0.0,0.0,0.0,0.0,0.0
pfcp_session_modification,src2dst_rst_packets,27780,0.0,0.0,0.0,0.0,0.0
pfcp_session_modification,src2dst_fin_packets,27780,0.0,0.0,0.0,0.0,0.0
pfcp_session_modification,dst2src_syn_packets,27780,0.0,0.0,0.0,0.0,0.0
pfcp_session_modification,dst2src_cwr_packets,27780,0.0,0.0,0.0,0.0,0.0
pfcp_session_modification,dst2src_ece_packets,27780,0.0,0.0,0.0,0.0,0.0
pfcp_session_modification,dst2src_urg_packets,27780,0.0,0.0,0.0,0.0,0.0
pfcp_session_modification,dst2src_ack_packets,27780,0.0,0.0,0.0,0.0,0.0
pfcp_session_modification,dst2src_psh_packets,27780,0.0,0.0,0.0,0.0,0.0
pfcp_session_modification,dst2src_rst_packets,27780,0.0,0.0,0.0,0.0,0.0
pfcp_session_modification,dst2src_fin_packets,27780,0.0,0.0,0.0,0.0,0.0
pfcp_session_modification,application_is_guessed,27780,0.0,0.0,0.0,0.0,0.0
pfcp_session_modification,application_confidence,27780,1.611231101511879,0.0,2.659195545008319,6.0,0.0
pfcp_session_modification,udps.heartbeat_request_counter,27780,0.0,0.0,0.0,0.0,0.0
pfcp_session_modification,udps.heartbeat_response_counter,27780,0.0,0.0,0.0,0.0,0.0
pfcp_session_modification,udps.pfd_management_request_counter,27780,0.0,0.0,0.0,0.0,0.0
pfcp_session_modification,udps.pfd_management_response_counter,27780,0.0,0.0,0.0,0.0,0.0
pfcp_session_modification,udps.association_setup_request_counter,27780,0.0,0.0,0.0,0.0,0.0
pfcp_session_modification,udps.association_setup_response_counter,27780,0.0,0.0,0.0,0.0,0.0
pfcp_session_modification,udps.association_update_request_counter,27780,0.0,0.0,0.0,0.0,0.0
pfcp_session_modification,udps.association_update_response_counter,27780,0.0,0.0,0.0,0.0,0.0
pfcp_session_modification,udps.association_release_request_counter,27780,0.0,0.0,0.0,0.0,0.0
pfcp_session_modification,udps.association_release_response_counter,27780,0.0,0.0,0.0,0.0,0.0
pfcp_session_modification,udps.version_not_supported_response_counter,27780,0.0,0.0,0.0,0.0,0.0
pfcp_session_modification,udps.node_report_request_counter,27780,0.0,0.0,0.0,0.0,0.0
pfcp_session_modification,udps.node_report_response_counter,27780,0.0,0.0,0.0,0.0,0.0
pfcp_session_modification,udps.session_set_deletion_request_counter,27780,0.0,0.0,0.0,0.0,0.0
pfcp_session_modification,udps.session_set_deletion_response_counter,27780,0.0,0.0,0.0,0.0,0.0
pfcp_session_modification,udps.session_establishment_request_counter,27780,0.0,0.0,0.0,0.0,0.0
pfcp_session_modification,udps.session_establishment_response_counter,27780,0.0,0.0,0.0,0.0,0.0
pfcp_session_modification,udps.session_modification_request_counter,27780,179.30943124550035,0.0,303.77547895989744,681.0,0.0
pfcp_session_modification,udps.session_modification_response_counter,27780,179.24589632829372,0.0,303.748085897152,681.0,0.0
pfcp_session_modification,udps.session_deletion_request_counter,27780,0.0,0.0,0.0,0.0,0.0
pfcp_session_modification,udps.session_deletion_response_counter,27780,0.0,0.0,0.0,0.0,0.0
pfcp_session_modification,udps.session_report_request_counter,27780,15.977069834413246,0.0,94.91100609644378,0.0,0.0
pfcp_session_modification,udps.session_report_response_counter,27780,0.2973002159827214,0.0,1.7674319238190548,0.0,0.0
pfcp_session_modification,label,0,,,,,
